filename,label
image_02523.jpg,76
image_03816.jpg,37
image_05657.jpg,4
image_02352.jpg,43
image_07219.jpg,7
image_06432.jpg,9
image_02629.jpg,84
image_01619.jpg,82
image_04561.jpg,40
image_06218.jpg,49
image_07776.jpg,98
image_07782.jpg,98
image_07964.jpg,101
image_07261.jpg,57
image_03048.jpg,92
image_00948.jpg,46
image_01413.jpg,51
image_06014.jpg,93
image_01851.jpg,78
image_07452.jpg,94
image_02046.jpg,80
image_04504.jpg,71
image_00884.jpg,81
image_05317.jpg,70
image_07387.jpg,94
image_01033.jpg,46
image_00097.jpg,77
image_07161.jpg,45
image_01707.jpg,83
image_05862.jpg,63
image_04483.jpg,71
image_04857.jpg,91
image_04553.jpg,71
image_07592.jpg,95
image_00347.jpg,73
image_00197.jpg,77
image_00933.jpg,81
image_01129.jpg,46
image_05937.jpg,68
image_02234.jpg,41
image_04246.jpg,18
image_02579.jpg,84
image_04878.jpg,91
image_02457.jpg,76
image_01452.jpg,51
image_06180.jpg,19
image_05621.jpg,32
image_01863.jpg,78
image_04718.jpg,55
image_03594.jpg,72
image_01566.jpg,44
image_03708.jpg,53
image_05314.jpg,70
image_04076.jpg,12
image_04717.jpg,55
image_04464.jpg,90
image_00586.jpg,88
image_07180.jpg,6
image_01627.jpg,82
image_05588.jpg,32
image_00738.jpg,89
image_04961.jpg,47
image_05188.jpg,5
image_04650.jpg,48
image_04369.jpg,36
image_00655.jpg,89
image_06437.jpg,9
image_07656.jpg,96
image_03870.jpg,17
image_05640.jpg,4
image_01861.jpg,78
image_00426.jpg,73
image_02273.jpg,41
image_05661.jpg,4
image_07957.jpg,101
image_06419.jpg,9
image_06509.jpg,26
image_07914.jpg,100
image_05901.jpg,63
image_00472.jpg,88
image_01935.jpg,78
image_03160.jpg,11
image_07198.jpg,6
image_00554.jpg,88
image_02898.jpg,86
image_05587.jpg,32
image_00748.jpg,89
image_02945.jpg,60
image_01216.jpg,74
image_07310.jpg,94
image_07607.jpg,96
image_04197.jpg,52
image_02693.jpg,58
image_01164.jpg,74
image_05318.jpg,70
image_00477.jpg,88
image_06881.jpg,27
image_01045.jpg,46
image_05339.jpg,70
image_07541.jpg,95
image_00292.jpg,73
image_04127.jpg,29
image_00448.jpg,88
image_05529.jpg,66
image_01437.jpg,51
image_06609.jpg,25
image_07637.jpg,96
image_00108.jpg,77
image_05521.jpg,87
image_03150.jpg,11
image_00454.jpg,88
image_08127.jpg,57
image_07602.jpg,96
image_04873.jpg,91
image_00905.jpg,81
image_05211.jpg,5
image_07205.jpg,7
image_05484.jpg,87
image_02593.jpg,84
image_06281.jpg,61
image_03275.jpg,65
image_02856.jpg,56
image_03754.jpg,37
image_00606.jpg,89
image_02958.jpg,60
image_01802.jpg,83
image_04524.jpg,71
image_00653.jpg,89
image_05843.jpg,38
image_03640.jpg,72
image_01920.jpg,78
image_07520.jpg,95
image_04865.jpg,91
image_01666.jpg,82
image_05642.jpg,4
image_02604.jpg,84
image_04751.jpg,55
image_03197.jpg,65
image_00790.jpg,81
image_04396.jpg,36
image_00145.jpg,77
image_01594.jpg,82
image_02485.jpg,76
image_04933.jpg,20
image_00080.jpg,77
image_02652.jpg,58
image_01039.jpg,46
image_01702.jpg,83
image_08166.jpg,62
image_06653.jpg,16
image_01644.jpg,82
image_00666.jpg,89
image_00882.jpg,81
image_02424.jpg,43
image_01955.jpg,78
image_03185.jpg,65
image_08004.jpg,102
image_02771.jpg,56
image_03318.jpg,8
image_05538.jpg,66
image_06309.jpg,50
image_03081.jpg,92
image_00211.jpg,77
image_07650.jpg,96
image_00132.jpg,77
image_02113.jpg,75
image_02482.jpg,76
image_07815.jpg,98
image_05418.jpg,54
image_07712.jpg,97
image_02520.jpg,76
image_00555.jpg,88
image_03775.jpg,37
image_01415.jpg,51
image_07939.jpg,100
image_02433.jpg,43
image_05999.jpg,69
image_00042.jpg,77
image_00938.jpg,81
image_03380.jpg,23
image_02647.jpg,58
image_03140.jpg,11
image_03099.jpg,11
image_05966.jpg,69
image_00223.jpg,77
image_02808.jpg,56
image_00890.jpg,81
image_07679.jpg,96
image_04989.jpg,47
image_07067.jpg,67
image_01420.jpg,51
image_03965.jpg,51
image_02797.jpg,56
image_01870.jpg,78
image_02544.jpg,76
image_06940.jpg,34
image_04367.jpg,36
image_03985.jpg,51
image_07485.jpg,95
image_03106.jpg,11
image_04457.jpg,90
image_00173.jpg,77
image_04481.jpg,71
image_00232.jpg,77
image_07276.jpg,62
image_04316.jpg,18
image_04516.jpg,71
image_01587.jpg,82
image_00440.jpg,73
image_00419.jpg,73
image_02200.jpg,41
image_02518.jpg,76
image_00423.jpg,73
image_06141.jpg,64
image_03129.jpg,11
image_07849.jpg,99
image_01010.jpg,46
image_03536.jpg,30
image_00070.jpg,77
image_02869.jpg,86
image_05669.jpg,4
image_06510.jpg,26
image_07756.jpg,98
image_04288.jpg,18
image_05221.jpg,28
image_07685.jpg,97
image_06730.jpg,79
image_02211.jpg,41
image_05401.jpg,54
image_07122.jpg,10
image_05026.jpg,59
image_04555.jpg,71
image_03186.jpg,65
image_05771.jpg,13
image_04903.jpg,20
image_08054.jpg,91
image_04953.jpg,47
image_03096.jpg,11
image_03263.jpg,65
image_02288.jpg,41
image_03856.jpg,17
image_01376.jpg,51
image_03329.jpg,8
image_02399.jpg,43
image_02118.jpg,75
image_00024.jpg,77
image_01581.jpg,44
image_00058.jpg,77
image_04960.jpg,47
image_01562.jpg,44
image_03498.jpg,30
image_05630.jpg,4
image_05326.jpg,70
image_07792.jpg,98
image_04368.jpg,36
image_00694.jpg,89
image_01182.jpg,74
image_07189.jpg,6
image_01703.jpg,83
image_02265.jpg,41
image_03133.jpg,11
image_07655.jpg,96
image_02319.jpg,43
image_04950.jpg,20
image_00066.jpg,77
image_05310.jpg,70
image_05675.jpg,4
image_00057.jpg,77
image_00829.jpg,81
image_01486.jpg,51
image_04002.jpg,12
image_05002.jpg,47
image_01766.jpg,83
image_00749.jpg,89
image_06113.jpg,64
image_01371.jpg,51
image_03480.jpg,30
image_03078.jpg,92
image_06506.jpg,26
image_05465.jpg,87
image_02329.jpg,43
image_06975.jpg,35
image_03474.jpg,30
image_02883.jpg,86
image_04897.jpg,20
image_05479.jpg,87
image_03028.jpg,60
image_04082.jpg,29
image_02577.jpg,84
image_01021.jpg,46
image_00695.jpg,89
image_01204.jpg,74
image_04990.jpg,47
image_04075.jpg,12
image_04378.jpg,36
image_01130.jpg,46
image_01023.jpg,46
image_02418.jpg,43
image_06221.jpg,49
image_06808.jpg,21
image_01034.jpg,46
image_07470.jpg,95
image_00273.jpg,73
image_00234.jpg,77
image_00092.jpg,77
image_07051.jpg,67
image_05068.jpg,59
image_02648.jpg,58
image_02499.jpg,76
image_03143.jpg,11
image_06341.jpg,50
image_06061.jpg,14
image_01993.jpg,80
image_07058.jpg,67
image_05945.jpg,68
image_07801.jpg,98
image_06488.jpg,26
image_01609.jpg,82
image_01534.jpg,44
image_06825.jpg,24
image_04304.jpg,18
image_06129.jpg,64
image_03652.jpg,53
image_02264.jpg,41
image_04615.jpg,40
image_07043.jpg,39
image_03590.jpg,72
image_08042.jpg,102
image_04033.jpg,12
image_01114.jpg,46
image_04218.jpg,52
image_04195.jpg,52
image_04501.jpg,71
image_06631.jpg,3
image_08048.jpg,24
image_05124.jpg,2
image_02699.jpg,58
image_00836.jpg,81
image_01650.jpg,82
image_01226.jpg,74
image_02156.jpg,75
image_00551.jpg,88
image_00436.jpg,73
image_04694.jpg,48
image_01540.jpg,44
image_02479.jpg,76
image_07880.jpg,99
image_04948.jpg,20
image_08147.jpg,57
image_04437.jpg,90
image_00323.jpg,73
image_00322.jpg,73
image_07689.jpg,97
image_02158.jpg,75
image_08108.jpg,6
image_04142.jpg,29
image_07382.jpg,94
image_07458.jpg,94
image_06924.jpg,31
image_04272.jpg,18
image_05988.jpg,69
image_04429.jpg,90
image_04240.jpg,52
image_03430.jpg,23
image_01818.jpg,83
image_05429.jpg,54
image_00747.jpg,89
image_01035.jpg,46
image_00446.jpg,88
image_03298.jpg,8
image_01453.jpg,51
image_04535.jpg,71
image_03791.jpg,37
image_00157.jpg,77
image_05606.jpg,32
image_00101.jpg,77
image_02413.jpg,43
image_06132.jpg,64
image_00998.jpg,46
image_02570.jpg,84
image_05508.jpg,87
image_05739.jpg,42
image_06050.jpg,14
image_03051.jpg,92
image_07862.jpg,99
image_06873.jpg,27
image_00762.jpg,89
image_06878.jpg,27
image_01962.jpg,78
image_05077.jpg,59
image_02317.jpg,43
image_00497.jpg,88
image_02358.jpg,43
image_00966.jpg,46
image_04775.jpg,85
image_01075.jpg,46
image_00602.jpg,89
image_06074.jpg,14
image_03669.jpg,53
image_06057.jpg,14
image_06568.jpg,50
image_01500.jpg,44
image_07610.jpg,96
image_06994.jpg,35
image_02657.jpg,58
image_00398.jpg,73
image_06259.jpg,61
image_05472.jpg,87
image_06248.jpg,61
image_06819.jpg,24
image_03482.jpg,30
image_00600.jpg,89
image_00411.jpg,73
image_01489.jpg,51
image_05423.jpg,54
image_07741.jpg,97
image_02572.jpg,84
image_05928.jpg,68
image_01806.jpg,83
image_06045.jpg,93
image_04004.jpg,12
image_05034.jpg,59
image_06969.jpg,35
image_04248.jpg,18
image_01859.jpg,78
image_06697.jpg,79
image_01198.jpg,74
image_03937.jpg,51
image_04484.jpg,71
image_01860.jpg,78
image_06830.jpg,24
image_07943.jpg,101
image_06955.jpg,34
image_05956.jpg,68
image_05304.jpg,70
image_06385.jpg,15
image_06552.jpg,50
image_07188.jpg,6
image_07690.jpg,97
image_05565.jpg,66
image_00200.jpg,77
image_07697.jpg,97
image_01834.jpg,78
image_05689.jpg,42
image_05912.jpg,68
image_04072.jpg,12
image_03853.jpg,17
image_00734.jpg,89
image_02305.jpg,41
image_06383.jpg,15
image_05557.jpg,66
image_06378.jpg,15
image_06974.jpg,35
image_00922.jpg,81
image_06811.jpg,21
image_05552.jpg,66
image_04938.jpg,20
image_00916.jpg,81
image_07018.jpg,39
image_00059.jpg,77
image_02717.jpg,58
image_04223.jpg,52
image_05680.jpg,4
image_01169.jpg,74
image_07640.jpg,96
image_00682.jpg,89
image_08116.jpg,93
image_04871.jpg,91
image_02996.jpg,60
image_06505.jpg,26
image_01923.jpg,78
image_01303.jpg,74
image_08037.jpg,102
image_03003.jpg,60
image_01503.jpg,44
image_03690.jpg,53
image_02909.jpg,86
image_01346.jpg,51
image_07854.jpg,99
image_06068.jpg,14
image_06511.jpg,26
image_05635.jpg,4
image_04297.jpg,18
image_00438.jpg,73
image_05285.jpg,70
image_05231.jpg,28
image_07010.jpg,39
image_01465.jpg,51
image_00062.jpg,77
image_07075.jpg,67
image_06196.jpg,19
image_00504.jpg,88
image_02419.jpg,43
image_02302.jpg,41
image_05272.jpg,28
image_00231.jpg,77
image_00978.jpg,46
image_04594.jpg,40
image_03621.jpg,72
image_01510.jpg,44
image_06265.jpg,61
image_07220.jpg,7
image_00348.jpg,73
image_06780.jpg,21
image_03863.jpg,17
image_04170.jpg,52
image_02645.jpg,58
image_04479.jpg,90
image_05197.jpg,5
image_06947.jpg,34
image_03685.jpg,53
image_02373.jpg,43
image_06973.jpg,35
image_02826.jpg,56
image_00189.jpg,77
image_01421.jpg,51
image_06554.jpg,50
image_05297.jpg,70
image_03211.jpg,65
image_06427.jpg,9
image_02555.jpg,84
image_04922.jpg,20
image_02043.jpg,80
image_06083.jpg,14
image_02517.jpg,76
image_04324.jpg,18
image_04741.jpg,55
image_06610.jpg,25
image_05382.jpg,22
image_05770.jpg,13
image_03873.jpg,17
image_02612.jpg,84
image_02230.jpg,41
image_04891.jpg,91
image_04450.jpg,90
image_02868.jpg,86
image_04523.jpg,71
image_03411.jpg,23
image_06441.jpg,33
image_07769.jpg,98
image_06867.jpg,27
image_04339.jpg,36
image_00961.jpg,46
image_04487.jpg,71
image_06161.jpg,19
image_04163.jpg,52
image_07201.jpg,7
image_06953.jpg,34
image_05390.jpg,22
image_01898.jpg,78
image_02376.jpg,43
image_05023.jpg,59
image_04848.jpg,91
image_00052.jpg,77
image_07315.jpg,94
image_05663.jpg,4
image_07969.jpg,101
image_07682.jpg,96
image_03827.jpg,37
image_03659.jpg,53
image_04538.jpg,71
image_01624.jpg,82
image_05707.jpg,42
image_07569.jpg,95
image_06262.jpg,61
image_03291.jpg,8
image_06963.jpg,34
image_03962.jpg,51
image_02303.jpg,41
image_03860.jpg,17
image_00997.jpg,46
image_08059.jpg,91
image_02620.jpg,84
image_05768.jpg,13
image_07955.jpg,101
image_05681.jpg,4
image_05846.jpg,38
image_02224.jpg,41
image_01447.jpg,51
image_02119.jpg,75
image_01040.jpg,46
image_06885.jpg,27
image_06006.jpg,69
image_08169.jpg,62
image_07700.jpg,97
image_01840.jpg,78
image_00049.jpg,77
image_04653.jpg,48
image_03095.jpg,11
image_03882.jpg,17
image_07864.jpg,99
image_02346.jpg,43
image_03188.jpg,65
image_02756.jpg,56
image_01635.jpg,82
image_01408.jpg,51
image_01318.jpg,51
image_00228.jpg,77
image_07598.jpg,96
image_03269.jpg,65
image_01727.jpg,83
image_02349.jpg,43
image_07643.jpg,96
image_06932.jpg,34
image_07993.jpg,101
image_06359.jpg,15
image_01564.jpg,44
image_01783.jpg,83
image_06755.jpg,1
image_05286.jpg,70
image_00074.jpg,77
image_01019.jpg,46
image_07840.jpg,99
image_00663.jpg,89
image_08144.jpg,57
image_03967.jpg,51
image_06548.jpg,50
image_08010.jpg,102
image_07246.jpg,57
image_00959.jpg,46
image_00433.jpg,73
image_06848.jpg,24
image_05713.jpg,42
image_03258.jpg,65
image_04697.jpg,55
image_00811.jpg,81
image_02281.jpg,41
image_01483.jpg,51
image_01670.jpg,82
image_02816.jpg,56
image_01980.jpg,80
image_02216.jpg,41
image_00150.jpg,77
image_01563.jpg,44
image_01957.jpg,78
image_01748.jpg,83
image_03694.jpg,53
image_05958.jpg,69
image_05516.jpg,87
image_05866.jpg,63
image_03384.jpg,23
image_06741.jpg,1
image_07047.jpg,67
image_01196.jpg,74
image_06759.jpg,1
image_03227.jpg,65
image_03908.jpg,17
image_07339.jpg,94
image_01922.jpg,78
image_00152.jpg,77
image_07740.jpg,97
image_00799.jpg,81
image_07262.jpg,57
image_02322.jpg,43
image_00866.jpg,81
image_00865.jpg,81
image_06208.jpg,49
image_03044.jpg,92
image_07185.jpg,6
image_04765.jpg,55
image_01469.jpg,51
image_03170.jpg,11
image_01759.jpg,83
image_01600.jpg,82
image_04779.jpg,85
image_04370.jpg,36
image_02698.jpg,58
image_05041.jpg,59
image_06636.jpg,3
image_03200.jpg,65
image_07911.jpg,100
image_01109.jpg,46
image_02761.jpg,56
image_07837.jpg,99
image_04236.jpg,52
image_06319.jpg,50
image_07372.jpg,94
image_03304.jpg,8
image_08069.jpg,31
image_03946.jpg,51
image_08050.jpg,24
image_02875.jpg,86
image_00578.jpg,88
image_06290.jpg,61
image_04773.jpg,85
image_02267.jpg,41
image_00264.jpg,73
image_02132.jpg,75
image_05186.jpg,5
image_07111.jpg,10
image_04122.jpg,29
image_01054.jpg,46
image_04691.jpg,48
image_06793.jpg,21
image_03065.jpg,92
image_07278.jpg,62
image_04824.jpg,85
image_02628.jpg,84
image_06447.jpg,33
image_07330.jpg,94
image_05392.jpg,22
image_00266.jpg,73
image_07035.jpg,39
image_04289.jpg,18
image_04539.jpg,71
image_03127.jpg,11
image_07578.jpg,95
image_00320.jpg,73
image_03734.jpg,37
image_00280.jpg,73
image_04906.jpg,20
image_02590.jpg,84
image_04415.jpg,90
image_06937.jpg,34
image_07789.jpg,98
image_04251.jpg,18
image_06002.jpg,69
image_07236.jpg,57
image_03035.jpg,92
image_03847.jpg,17
image_04983.jpg,47
image_04723.jpg,55
image_02320.jpg,43
image_07200.jpg,7
image_02866.jpg,86
image_04790.jpg,85
image_05167.jpg,5
image_02019.jpg,80
image_05643.jpg,4
image_07620.jpg,96
image_01329.jpg,51
image_05121.jpg,2
image_04618.jpg,40
image_06323.jpg,50
image_03008.jpg,60
image_04211.jpg,52
image_06929.jpg,34
image_08012.jpg,102
image_02888.jpg,86
image_07332.jpg,94
image_05004.jpg,47
image_04709.jpg,55
image_06274.jpg,61
image_05838.jpg,38
image_01222.jpg,74
image_05411.jpg,54
image_02078.jpg,75
image_06302.jpg,50
image_01418.jpg,51
image_03572.jpg,72
image_00470.jpg,88
image_02035.jpg,80
image_04335.jpg,36
image_05919.jpg,68
image_01018.jpg,46
image_01513.jpg,44
image_01150.jpg,74
image_04575.jpg,40
image_06925.jpg,31
image_01560.jpg,44
image_05708.jpg,42
image_07874.jpg,99
image_02723.jpg,58
image_03514.jpg,30
image_02374.jpg,43
image_08180.jpg,62
image_06139.jpg,64
image_01085.jpg,46
image_03108.jpg,11
image_03661.jpg,53
image_05754.jpg,13
image_04858.jpg,91
image_06623.jpg,3
image_06831.jpg,24
image_06063.jpg,14
image_06395.jpg,9
image_01210.jpg,74
image_01678.jpg,82
image_02961.jpg,60
image_06875.jpg,27
image_04701.jpg,55
image_00060.jpg,77
image_03290.jpg,8
image_00020.jpg,77
image_03401.jpg,23
image_00643.jpg,89
image_01298.jpg,74
image_05534.jpg,66
image_01088.jpg,46
image_00168.jpg,77
image_03245.jpg,65
image_00329.jpg,73
image_00103.jpg,77
image_00512.jpg,88
image_03394.jpg,23
image_02209.jpg,41
image_07407.jpg,94
image_01407.jpg,51
image_04383.jpg,36
image_05730.jpg,42
image_05762.jpg,13
image_00744.jpg,89
image_01621.jpg,82
image_04880.jpg,91
image_01499.jpg,44
image_05904.jpg,68
image_01296.jpg,74
image_06128.jpg,64
image_03046.jpg,92
image_06392.jpg,15
image_01314.jpg,51
image_03376.jpg,23
image_04162.jpg,52
image_07748.jpg,97
image_06365.jpg,15
image_06556.jpg,50
image_07070.jpg,67
image_00859.jpg,81
image_04770.jpg,85
image_04060.jpg,12
image_00240.jpg,77
image_03393.jpg,23
image_05682.jpg,4
image_02989.jpg,60
image_06174.jpg,19
image_07718.jpg,97
image_07902.jpg,100
image_05841.jpg,38
image_02843.jpg,56
image_03126.jpg,11
image_06752.jpg,1
image_00656.jpg,89
image_00510.jpg,88
image_05769.jpg,13
image_03485.jpg,30
image_00545.jpg,88
image_06273.jpg,61
image_08189.jpg,62
image_05697.jpg,42
image_03821.jpg,37
image_04672.jpg,48
image_04055.jpg,12
image_00016.jpg,77
image_01384.jpg,51
image_07867.jpg,99
image_04216.jpg,52
image_08047.jpg,102
image_01159.jpg,74
image_04505.jpg,71
image_02749.jpg,58
image_04632.jpg,48
image_05622.jpg,32
image_02125.jpg,75
image_00684.jpg,89
image_03300.jpg,8
image_02448.jpg,76
image_02277.jpg,41
image_01220.jpg,74
image_05776.jpg,13
image_06862.jpg,27
image_05063.jpg,59
image_03981.jpg,51
image_02284.jpg,41
image_05346.jpg,22
image_01104.jpg,46
image_01502.jpg,44
image_05428.jpg,54
image_00335.jpg,73
image_01373.jpg,51
image_00122.jpg,77
image_07845.jpg,99
image_04478.jpg,90
image_01079.jpg,46
image_00111.jpg,77
image_04190.jpg,52
image_02421.jpg,43
image_00325.jpg,73
image_01722.jpg,83
image_02971.jpg,60
image_03283.jpg,65
image_05305.jpg,70
image_04642.jpg,48
image_02037.jpg,80
image_04607.jpg,40
image_01282.jpg,74
image_05993.jpg,69
image_03940.jpg,51
image_06702.jpg,79
image_02032.jpg,80
image_05847.jpg,38
image_07499.jpg,95
image_02400.jpg,43
image_02514.jpg,76
image_00435.jpg,73
image_04996.jpg,47
image_07891.jpg,99
image_03136.jpg,11
image_05301.jpg,70
image_05256.jpg,28
image_05431.jpg,54
image_02446.jpg,76
image_06357.jpg,15
image_01213.jpg,74
image_00648.jpg,89
image_00474.jpg,88
image_05157.jpg,5
image_03025.jpg,60
image_03103.jpg,11
image_05560.jpg,66
image_01692.jpg,82
image_02719.jpg,58
image_07016.jpg,39
image_05939.jpg,68
image_06861.jpg,27
image_03379.jpg,23
image_02030.jpg,80
image_00015.jpg,77
image_01124.jpg,46
image_03616.jpg,72
image_02803.jpg,56
image_04551.jpg,71
image_04377.jpg,36
image_05236.jpg,28
image_02690.jpg,58
image_08126.jpg,57
image_05900.jpg,63
image_07381.jpg,94
image_00177.jpg,77
image_06570.jpg,50
image_02139.jpg,75
image_03950.jpg,51
image_05376.jpg,22
image_03004.jpg,60
image_07708.jpg,97
image_06478.jpg,33
image_07167.jpg,6
image_04348.jpg,36
image_01411.jpg,51
image_04384.jpg,36
image_04754.jpg,55
image_05558.jpg,66
image_06349.jpg,15
image_02246.jpg,41
image_02167.jpg,75
image_03974.jpg,51
image_01398.jpg,51
image_02081.jpg,75
image_01050.jpg,46
image_04332.jpg,36
image_00377.jpg,73
image_00627.jpg,89
image_04646.jpg,48
image_00593.jpg,88
image_06429.jpg,9
image_08091.jpg,10
image_03034.jpg,92
image_01812.jpg,83
image_04959.jpg,47
image_00287.jpg,73
image_02334.jpg,43
image_05926.jpg,68
image_04635.jpg,48
image_01154.jpg,74
image_07781.jpg,98
image_04902.jpg,20
image_02472.jpg,76
image_07976.jpg,101
image_04393.jpg,36
image_05580.jpg,66
image_01740.jpg,83
image_08182.jpg,62
image_06839.jpg,24
image_05867.jpg,63
image_06283.jpg,61
image_05109.jpg,2
image_05853.jpg,63
image_08030.jpg,102
image_04818.jpg,85
image_04813.jpg,85
image_07347.jpg,94
image_02992.jpg,60
image_05049.jpg,59
image_04468.jpg,90
image_07227.jpg,7
image_01316.jpg,51
image_03911.jpg,17
image_07279.jpg,62
image_03460.jpg,30
image_03232.jpg,65
image_06983.jpg,35
image_06473.jpg,33
image_07073.jpg,67
image_01221.jpg,74
image_00076.jpg,77
image_07657.jpg,96
image_07287.jpg,37
image_03704.jpg,53
image_01972.jpg,80
image_03435.jpg,23
image_04104.jpg,29
image_04202.jpg,52
image_07006.jpg,35
image_07119.jpg,10
image_07195.jpg,6
image_02184.jpg,75
image_07094.jpg,10
image_04013.jpg,12
image_02489.jpg,76
image_03609.jpg,72
image_07377.jpg,94
image_06070.jpg,14
image_03092.jpg,92
image_05091.jpg,2
image_07899.jpg,100
image_03289.jpg,8
image_07363.jpg,94
image_03888.jpg,17
image_00501.jpg,88
image_06487.jpg,26
image_07464.jpg,94
image_04334.jpg,36
image_06379.jpg,15
image_07944.jpg,101
image_05008.jpg,47
image_02848.jpg,56
image_03162.jpg,11
image_03796.jpg,37
image_00209.jpg,77
image_02904.jpg,86
image_00965.jpg,46
image_05745.jpg,13
image_07857.jpg,99
image_00381.jpg,73
image_03626.jpg,72
image_08129.jpg,57
image_05100.jpg,2
image_01445.jpg,51
image_03721.jpg,53
image_05474.jpg,87
image_01147.jpg,74
image_01653.jpg,82
image_00599.jpg,89
image_04166.jpg,52
image_01596.jpg,82
image_00587.jpg,88
image_01719.jpg,83
image_07830.jpg,98
image_03735.jpg,37
image_03880.jpg,17
image_02338.jpg,43
image_03837.jpg,17
image_06241.jpg,49
image_06890.jpg,31
image_00293.jpg,73
image_02403.jpg,43
image_00402.jpg,73
image_00897.jpg,81
image_03414.jpg,23
image_06201.jpg,49
image_01996.jpg,80
image_00806.jpg,81
image_02878.jpg,86
image_05000.jpg,47
image_01868.jpg,78
image_00835.jpg,81
image_06583.jpg,25
image_07323.jpg,94
image_03740.jpg,37
image_06815.jpg,24
image_04935.jpg,20
image_00394.jpg,73
image_03617.jpg,72
image_00995.jpg,46
image_06307.jpg,50
image_03804.jpg,37
image_06192.jpg,19
image_07388.jpg,94
image_05078.jpg,59
image_04592.jpg,40
image_04100.jpg,29
image_00034.jpg,77
image_05417.jpg,54
image_07378.jpg,94
image_08066.jpg,31
image_02285.jpg,41
image_04788.jpg,85
image_00297.jpg,73
image_05014.jpg,47
image_06824.jpg,24
image_08086.jpg,35
image_05118.jpg,2
image_04688.jpg,48
image_06127.jpg,64
image_02927.jpg,60
image_06886.jpg,27
image_05629.jpg,4
image_00528.jpg,88
image_00030.jpg,77
image_01427.jpg,51
image_02580.jpg,84
image_00743.jpg,89
image_02416.jpg,43
image_07768.jpg,98
image_06460.jpg,33
image_07947.jpg,101
image_06763.jpg,1
image_01658.jpg,82
image_04530.jpg,71
image_03505.jpg,30
image_03400.jpg,23
image_04398.jpg,36
image_00702.jpg,89
image_06463.jpg,33
image_07373.jpg,94
image_05742.jpg,42
image_03440.jpg,23
image_06801.jpg,21
image_05539.jpg,66
image_01672.jpg,82
image_01731.jpg,83
image_00753.jpg,89
image_06007.jpg,69
image_02670.jpg,58
image_00415.jpg,73
image_00812.jpg,81
image_05500.jpg,87
image_01946.jpg,78
image_00180.jpg,77
image_01430.jpg,51
image_04801.jpg,85
image_02946.jpg,60
image_01260.jpg,74
image_01700.jpg,83
image_03667.jpg,53
image_05274.jpg,28
image_00612.jpg,89
image_05909.jpg,68
image_06733.jpg,79
image_01784.jpg,83
image_05065.jpg,59
image_06979.jpg,35
image_01245.jpg,74
image_06773.jpg,1
image_04951.jpg,20
image_06228.jpg,49
image_06142.jpg,64
image_02115.jpg,75
image_00422.jpg,73
image_00458.jpg,88
image_01673.jpg,82
image_07995.jpg,101
image_03218.jpg,65
image_04898.jpg,20
image_05662.jpg,4
image_02458.jpg,76
image_01047.jpg,46
image_05698.jpg,42
image_05572.jpg,66
image_01363.jpg,51
image_06872.jpg,27
image_00909.jpg,81
image_00136.jpg,77
image_01322.jpg,51
image_07897.jpg,100
image_02299.jpg,41
image_02933.jpg,60
image_07872.jpg,99
image_05889.jpg,63
image_06387.jpg,15
image_05171.jpg,5
image_06352.jpg,15
image_05372.jpg,22
image_01942.jpg,78
image_06202.jpg,49
image_06560.jpg,50
image_01444.jpg,51
image_02099.jpg,75
image_03593.jpg,72
image_03115.jpg,11
image_01877.jpg,78
image_02339.jpg,43
image_03881.jpg,17
image_06235.jpg,49
image_04907.jpg,20
image_01145.jpg,74
image_03574.jpg,72
image_04752.jpg,55
image_08154.jpg,62
image_04417.jpg,90
image_00927.jpg,81
image_06430.jpg,9
image_00246.jpg,77
image_03261.jpg,65
image_04620.jpg,40
image_02930.jpg,60
image_01412.jpg,51
image_03366.jpg,8
image_00222.jpg,77
image_05634.jpg,4
image_07451.jpg,94
image_04140.jpg,29
image_04521.jpg,71
image_04669.jpg,48
image_02304.jpg,41
image_02447.jpg,76
image_05578.jpg,66
image_06126.jpg,64
image_06376.jpg,15
image_03990.jpg,51
image_01733.jpg,83
image_02192.jpg,41
image_00382.jpg,73
image_07583.jpg,95
image_06203.jpg,49
image_03802.jpg,37
image_04327.jpg,36
image_03693.jpg,53
image_02488.jpg,76
image_04276.jpg,18
image_06223.jpg,49
image_02606.jpg,84
image_05839.jpg,38
image_01187.jpg,74
image_07101.jpg,10
image_01324.jpg,51
image_05322.jpg,70
image_04929.jpg,20
image_06238.jpg,49
image_06115.jpg,64
image_07961.jpg,101
image_00439.jpg,73
image_05897.jpg,63
image_07320.jpg,94
image_06684.jpg,16
image_02573.jpg,84
image_01887.jpg,78
image_07338.jpg,94
image_03019.jpg,60
image_01236.jpg,74
image_07727.jpg,97
image_07670.jpg,96
image_07245.jpg,57
image_06253.jpg,61
image_01488.jpg,51
image_04743.jpg,55
image_03033.jpg,92
image_06762.jpg,1
image_04318.jpg,18
image_07565.jpg,95
image_01026.jpg,46
image_00795.jpg,81
image_07986.jpg,101
image_04413.jpg,90
image_06897.jpg,31
image_05615.jpg,32
image_01729.jpg,83
image_04440.jpg,90
image_07212.jpg,7
image_04772.jpg,85
image_04895.jpg,91
image_06553.jpg,50
image_00210.jpg,77
image_00626.jpg,89
image_04421.jpg,90
image_03054.jpg,92
image_01403.jpg,51
image_02911.jpg,86
image_05149.jpg,5
image_00731.jpg,89
image_08131.jpg,57
image_04636.jpg,48
image_07351.jpg,94
image_02922.jpg,60
image_07203.jpg,7
image_05483.jpg,87
image_06902.jpg,31
image_07049.jpg,67
image_04102.jpg,29
image_04402.jpg,90
image_01116.jpg,46
image_00466.jpg,88
image_07297.jpg,37
image_05554.jpg,66
image_02751.jpg,58
image_06344.jpg,50
image_00683.jpg,89
image_06835.jpg,24
image_07725.jpg,97
image_07507.jpg,95
image_02178.jpg,75
image_04011.jpg,12
image_01484.jpg,51
image_02096.jpg,75
image_04193.jpg,52
image_02686.jpg,58
image_01102.jpg,46
image_06856.jpg,27
image_01892.jpg,78
image_02407.jpg,43
image_03705.jpg,53
image_07799.jpg,98
image_07251.jpg,57
image_02895.jpg,86
image_03951.jpg,51
image_06569.jpg,50
image_02900.jpg,86
image_04035.jpg,12
image_06690.jpg,16
image_02893.jpg,86
image_03363.jpg,8
image_04585.jpg,40
image_07420.jpg,94
image_02603.jpg,84
image_02355.jpg,43
image_03933.jpg,51
image_01559.jpg,44
image_02269.jpg,41
image_04406.jpg,90
image_05502.jpg,87
image_03979.jpg,51
image_05076.jpg,59
image_05532.jpg,66
image_03893.jpg,17
image_04976.jpg,47
image_04392.jpg,36
image_03752.jpg,37
image_03056.jpg,92
image_01936.jpg,78
image_03681.jpg,53
image_01558.jpg,44
image_01052.jpg,46
image_07484.jpg,95
image_00531.jpg,88
image_03338.jpg,8
image_05165.jpg,5
image_02406.jpg,43
image_01809.jpg,83
image_06072.jpg,14
image_07949.jpg,101
image_05890.jpg,63
image_05685.jpg,42
image_05009.jpg,47
image_02300.jpg,41
image_06519.jpg,26
image_01878.jpg,78
image_03890.jpg,17
image_01671.jpg,82
image_04692.jpg,48
image_06181.jpg,19
image_00590.jpg,88
image_00678.jpg,89
image_01341.jpg,51
